ID,everypolitician
b8b208d1-eed5-44f2-bf6c-3e0beac54079,f0e95251-affb-4cc6-a15c-18f99137f589
978b3732-6265-4b83-a3f0-abfc72dda664,f0e95251-affb-4cc6-a15c-18f99137f589
3936e998-a461-4c16-a8f3-f108288da148,f0e95251-affb-4cc6-a15c-18f99137f589
d5828e3b-8cbb-421c-b7a6-fd2b698e0792,f0e95251-affb-4cc6-a15c-18f99137f589
f4781bb7-ed60-4e44-9602-687c0755f08b,f0e95251-affb-4cc6-a15c-18f99137f589
3943498b-0ab3-4302-9851-a18c8ada26b7,f0e95251-affb-4cc6-a15c-18f99137f589
aab99031-50da-45bd-a47b-b4bd68f6ef77,f0e95251-affb-4cc6-a15c-18f99137f589
547ff3db-4103-4f6b-8f6b-72ae59873f2f,f0e95251-affb-4cc6-a15c-18f99137f589
466afc55-d6ad-45f4-bfe6-902a2470dea5,f0e95251-affb-4cc6-a15c-18f99137f589
4aab2e8a-f638-4252-9c95-a811b589c1fd,f0e95251-affb-4cc6-a15c-18f99137f589
53f80743-4a52-41ac-890d-94cbfc103886,f0e95251-affb-4cc6-a15c-18f99137f589
d43cccd2-c60c-4620-a06d-82495cb74c4c,f0e95251-affb-4cc6-a15c-18f99137f589
15876847-42e8-4ed1-a97a-a7d5ab72bdf7,f0e95251-affb-4cc6-a15c-18f99137f589
9a9dee29-2211-4072-a05c-cc1e842717f7,f0e95251-affb-4cc6-a15c-18f99137f589
e594bb2a-b380-46bf-ab3e-2d1ed9a1f73b,f0e95251-affb-4cc6-a15c-18f99137f589
e27a379b-b4b8-4498-bfef-7d442c20fb0e,f0e95251-affb-4cc6-a15c-18f99137f589
3acd0ba9-ff7b-4a0c-80e3-6d7fd728faf1,f0e95251-affb-4cc6-a15c-18f99137f589
aacfbe1f-8db0-4c00-92f1-7ca201e4e8f1,f0e95251-affb-4cc6-a15c-18f99137f589
01d4e9b7-dcc2-489f-bf19-56afa056801e,f0e95251-affb-4cc6-a15c-18f99137f589
0dca360f-17b5-4af8-9e1f-6d70a4d56d36,f0e95251-affb-4cc6-a15c-18f99137f589
1b2c4842-83e9-4b97-af0a-d701ab6ccb77,f0e95251-affb-4cc6-a15c-18f99137f589
cec6506f-c26d-413a-881b-c49ad3e6aa39,f0e95251-affb-4cc6-a15c-18f99137f589
ce905ebe-8551-454f-8efc-8c2730c306fc,f0e95251-affb-4cc6-a15c-18f99137f589
509741e5-e93a-42e0-807c-0fe3ad049b71,f0e95251-affb-4cc6-a15c-18f99137f589
ab6c3dcc-6312-4ad3-801b-d6d13b361e88,74fe62b2-36f8-4128-8f77-d3025ba6157e
dbc4e36d-2711-4623-94fc-303c744a04f9,cc1ae2ef-bf24-4351-b42c-ddbea4c4d7d6
caa06799-03ed-42ad-8887-100c067b0d65,cc1ae2ef-bf24-4351-b42c-ddbea4c4d7d6
0d9f7605-22b1-4381-a7f3-53f9bd751c24,cc1ae2ef-bf24-4351-b42c-ddbea4c4d7d6
16578561-c77a-4501-88bd-422a7e83fab6,cc1ae2ef-bf24-4351-b42c-ddbea4c4d7d6
21cffa83-d098-4563-8425-63a14ddec39d,cc1ae2ef-bf24-4351-b42c-ddbea4c4d7d6
9ecc754c-e7e6-40e3-a52b-8ce5c7450506,cc1ae2ef-bf24-4351-b42c-ddbea4c4d7d6
6e3966c0-7705-48c7-90f1-39e241e9aa00,cc1ae2ef-bf24-4351-b42c-ddbea4c4d7d6
4e557f0e-f53f-4e11-9fad-61e5c1c26caa,a6756d44-f136-45b0-b461-e9bee80fdb90
a674152e-65b9-414c-b236-6b41dae1d009,a6756d44-f136-45b0-b461-e9bee80fdb90
8cb590e9-f578-4bfa-8514-897860267202,a6756d44-f136-45b0-b461-e9bee80fdb90
f82936a6-0e97-43c9-84f4-2ece83df4004,a6756d44-f136-45b0-b461-e9bee80fdb90
f016f2d7-d031-4d15-831c-654f79933796,a6756d44-f136-45b0-b461-e9bee80fdb90
cd3cf119-1bc1-4a54-ab3c-cbe188f5c0cc,a6756d44-f136-45b0-b461-e9bee80fdb90
6b002823-99b3-47de-8b14-7b9a12e4618d,a6756d44-f136-45b0-b461-e9bee80fdb90
76a161c7-7987-4a13-9ca5-6cf97e18eb8f,a6756d44-f136-45b0-b461-e9bee80fdb90
07b872e8-0a8b-4033-a2d2-07c5b958e5c0,a6756d44-f136-45b0-b461-e9bee80fdb90
261faf8b-36f8-4f9c-b7da-7146f5ff3319,a6756d44-f136-45b0-b461-e9bee80fdb90
a353b991-b892-4bac-937e-7f77609aecf6,a6756d44-f136-45b0-b461-e9bee80fdb90
002179a5-6686-4fef-9bbd-f7d3292672cc,5e622c66-aaf5-44dd-83f6-4a0fa7b1d4c5
e42a31af-8e94-4846-935e-edbec9aa2a6d,19385dcf-28ca-4b60-a9c9-f4832f3948ce
893377dd-b8de-4d73-bf40-1f858e672226,19385dcf-28ca-4b60-a9c9-f4832f3948ce
d9e9ac66-baa0-4bed-a5bf-8f424e5c6df1,19385dcf-28ca-4b60-a9c9-f4832f3948ce
04cfe084-6ed5-4898-944c-47350ee1db18,19385dcf-28ca-4b60-a9c9-f4832f3948ce
9df7b8d2-0e6a-4ee0-bc70-422251d1e200,19385dcf-28ca-4b60-a9c9-f4832f3948ce
8bc41941-7263-4d4f-b52c-44dccfe6e333,19385dcf-28ca-4b60-a9c9-f4832f3948ce
460047f4-4a9c-46f8-a818-1623212dc4a1,19385dcf-28ca-4b60-a9c9-f4832f3948ce
dd0a2af1-516a-4623-9fb1-ee460d309302,19385dcf-28ca-4b60-a9c9-f4832f3948ce
726074ea-f8a6-4740-b661-7f63409f8a09,19385dcf-28ca-4b60-a9c9-f4832f3948ce
a9ee901b-f80f-47b7-8e28-3d0d25cc4dfd,#N/A
c3dab86b-492e-4dba-96bc-4a788f727cde,#N/A
164c0cc3-7b4b-498a-93bb-6a9f559e5d33,#N/A
7df0c219-7d0d-4339-90fa-da76546c8d3c,dcf83408-2141-4326-bae5-7d48d9e71f6a
949b809a-7bf6-49a7-a884-9c30f1e2a925,dcf83408-2141-4326-bae5-7d48d9e71f6a
73328e0e-260e-4f6d-a77d-48c9156f0e63,8dc8feb5-ffd6-444a-9744-cd4429c1795c
c618427c-2359-4798-93cc-e004e36ae2e7,8dc8feb5-ffd6-444a-9744-cd4429c1795c
8d73a415-ae2c-401a-a9c0-3684dc93f0f5,8dc8feb5-ffd6-444a-9744-cd4429c1795c
2d3d3676-b099-4766-ac30-cf45dddf7434,8dc8feb5-ffd6-444a-9744-cd4429c1795c
5f1a17f7-f248-432d-a4c7-d933c4afd258,8dc8feb5-ffd6-444a-9744-cd4429c1795c
d4683d27-4ea8-4bbd-8a51-4ca6d5335220,8dc8feb5-ffd6-444a-9744-cd4429c1795c
97178ed3-d7ac-4151-90f2-fc6526f307db,8dc8feb5-ffd6-444a-9744-cd4429c1795c
f21cee01-7dc7-444c-9378-f3635e50db31,8dc8feb5-ffd6-444a-9744-cd4429c1795c
65757f0b-4817-4459-9611-cd31dabc8232,afd1b17c-a54f-4d55-8f55-b0ed644781f3
78bdc197-6c16-4067-b3ce-ab2ee43abd2c,afd1b17c-a54f-4d55-8f55-b0ed644781f3
db9f876c-9767-413b-90d9-ecc83d233bb5,afd1b17c-a54f-4d55-8f55-b0ed644781f3
f44ccaea-8e3e-4174-bfdf-60cf244a08b0,afd1b17c-a54f-4d55-8f55-b0ed644781f3
9ab635a7-98b9-460f-959d-06c0330cadb5,91996363-564b-4b90-bece-bc93ae413949
699d7aaf-adfa-4b8e-9ddd-474db864a343,dd386d63-2747-4bea-bda4-60353c2b6bf6
5ffec52d-5ca5-4396-8c4e-8885ee5b07e8,dd386d63-2747-4bea-bda4-60353c2b6bf6
c2923cbd-2fc6-4917-a974-10e175841913,dd386d63-2747-4bea-bda4-60353c2b6bf6
85907fc3-1107-4536-89dd-715a1e3d1c40,232bacdc-ee1f-44e3-bdac-cda63dbcbddb
03573ebc-0afb-46c9-9d6c-10fa554d0055,9b0fc79f-e927-43c4-b9b0-ec36d38935cf
6f8b8846-2323-43bd-a0aa-ced25f90afcc,a6db9570-0007-4b5c-9620-ecb33d28e846
26ec8feb-0cc6-4b0d-918c-a475f03752df,f0bb615f-c584-4850-a64e-e87de40d169a
b71e3ba8-90ea-415d-b21d-0ad7bfaac0e6,f0bb615f-c584-4850-a64e-e87de40d169a
63607b40-ee6e-4a87-9486-e6e0d8f4ac82,f0bb615f-c584-4850-a64e-e87de40d169a
da14fa5c-d47b-4a7b-8b5a-5b985ac56a82,f0bb615f-c584-4850-a64e-e87de40d169a
2ed0c64a-4794-41cb-a6fd-925a6ee63273,f0bb615f-c584-4850-a64e-e87de40d169a
1ee17e78-de0c-42aa-9145-a6621ce6140b,f0bb615f-c584-4850-a64e-e87de40d169a
bdeafbfe-9c38-4db0-b6f5-30251bbc1186,f0bb615f-c584-4850-a64e-e87de40d169a
635622e3-5b07-4989-ba6c-9aba55ffc719,f0bb615f-c584-4850-a64e-e87de40d169a
a6f24329-b50b-492c-9c79-fd3150db9962,f0bb615f-c584-4850-a64e-e87de40d169a
09c4f1e6-fd02-4ae1-9a7a-411bab031313,f0bb615f-c584-4850-a64e-e87de40d169a
0ccfce9f-f41b-4703-bd6d-12998eda2567,f0bb615f-c584-4850-a64e-e87de40d169a
26bc0320-2839-4090-9881-0fa5cda78cb9,f0bb615f-c584-4850-a64e-e87de40d169a
a96fc890-50a0-4574-b992-c7e19f05a62f,f0bb615f-c584-4850-a64e-e87de40d169a
fa77d1a8-9eb9-40ca-bb4f-e29c26ebc1ac,#N/A
b919a1d4-02a5-453c-aa4e-eaf031b83786,#N/A
fd989d64-9a7f-44e2-95a5-9166e235bb95,62c0a115-5ef9-4e10-9827-554027f7d915
089b1603-cb74-4cd6-9169-9ea887f3aead,62c0a115-5ef9-4e10-9827-554027f7d915
a108f092-216d-477a-9647-843a0129f873,62c0a115-5ef9-4e10-9827-554027f7d915
4edf30d0-686f-4158-8bff-c78fce53e1ee,62c0a115-5ef9-4e10-9827-554027f7d915
8bbe7165-4ba5-4d2b-808a-2e3b6ed2ca5c,18a9f1f8-ba92-45a9-86f3-e651b8ae020e
0f404212-c446-47d6-8240-5caf064d64f3,6778cd51-328c-4b2a-9aea-5006f2f2fb49
f3969142-7744-4c37-8d43-199f2b0ae20d,6778cd51-328c-4b2a-9aea-5006f2f2fb49
448aee3b-c01d-4865-90c4-15e66314175a,6778cd51-328c-4b2a-9aea-5006f2f2fb49
a7f21970-6a9c-4a58-bdd7-1ae6b17a0d43,6778cd51-328c-4b2a-9aea-5006f2f2fb49
71532eef-f1d4-4337-9437-fbd4feb53080,6778cd51-328c-4b2a-9aea-5006f2f2fb49
6029d52c-bdfe-427d-803a-aef15ab1b9bd,6778cd51-328c-4b2a-9aea-5006f2f2fb49
ad47afe8-b081-46bb-bc70-5d73b71f1531,6778cd51-328c-4b2a-9aea-5006f2f2fb49
943bf1cb-bb39-4e06-8a59-e084245c3bb1,6778cd51-328c-4b2a-9aea-5006f2f2fb49
be3eef80-00e6-451b-82b3-56a6c3b9e807,6778cd51-328c-4b2a-9aea-5006f2f2fb49
fb7d4592-55ba-49b6-98a2-ebf3bb641ac1,6778cd51-328c-4b2a-9aea-5006f2f2fb49
206113cf-b3c1-4478-a4e5-e007b05c2a68,#N/A
dc02406b-9c17-4e9e-b4ed-180854219a21,#N/A
27ae55f3-84f8-48c5-9850-eb516234d140,#N/A
eeed6472-6eed-48fd-adcb-e68a7cb3ea61,#N/A
2aaedb33-12cd-46c8-94c4-eefeb9eb0a71,e6ab9297-24b1-436f-8773-982a5c769965
e260ef81-a4d6-46e7-b596-4ce20bd0feef,e6ab9297-24b1-436f-8773-982a5c769965
75bc3b30-fa77-43ec-890b-99441e9ba598,03c9e793-ddb9-4694-8e2b-96e1440cb5d2
9e704612-4b51-487e-9e7c-8ae0f787755c,03c9e793-ddb9-4694-8e2b-96e1440cb5d2
e634d023-5060-46f3-92f1-5740f3cee55c,03c9e793-ddb9-4694-8e2b-96e1440cb5d2
4ed3cb39-0447-4bea-8b28-95fb28ba60bb,03c9e793-ddb9-4694-8e2b-96e1440cb5d2
3c80a34c-b94c-4a4b-be30-71b9c922add9,03c9e793-ddb9-4694-8e2b-96e1440cb5d2
98b126b6-016e-439c-bd23-874ee02d71d5,#N/A
816ffca7-f699-48b8-b6ab-307e668e1c71,#N/A
a06aee56-c295-4098-98d1-5eac61f32929,#N/A
e6fcbaf3-31e1-497e-9279-9771a377d07c,#N/A
b7f3f046-ff23-4836-8ea7-59bcf62810ea,#N/A
c27ec540-ee5a-47e2-b948-01db6ae5648a,#N/A
9ddbd315-98c3-4d1f-ac6d-311896c29dff,0a333d66-3357-4b71-a6cc-53205f83b1a2
21400dd6-7fec-4f22-b4f3-0a49d3b37b7f,0a333d66-3357-4b71-a6cc-53205f83b1a2
b6424117-1e76-460f-84a2-3d65fd96f1ca,0a333d66-3357-4b71-a6cc-53205f83b1a2
34844126-4d2c-4526-a18c-5c1ae8f12d93,0a333d66-3357-4b71-a6cc-53205f83b1a2
2b6d3df7-8507-4eed-badd-ec61ed8ff104,0a333d66-3357-4b71-a6cc-53205f83b1a2
07079475-3059-4e46-aa54-b21caba7d78f,0a333d66-3357-4b71-a6cc-53205f83b1a2
b69c2c02-5d12-47e3-bd3c-9cce66a2f997,0a333d66-3357-4b71-a6cc-53205f83b1a2
1f48c681-aef7-4463-8cb1-49c04cca2d7d,46b00033-9639-4a69-bb1b-2149caaf44dc
fd157311-5065-43a1-95d4-17eb02be3231,46b00033-9639-4a69-bb1b-2149caaf44dc
be618627-0528-4c6d-88b0-c113379f9fed,46b00033-9639-4a69-bb1b-2149caaf44dc
cb21954d-ae61-4370-99ac-a6e0bc4c4313,46b00033-9639-4a69-bb1b-2149caaf44dc
252a7358-b0e2-4dd6-abbd-c3984ca6fc2e,46b00033-9639-4a69-bb1b-2149caaf44dc
354650a9-73ae-472c-8993-2e003bc248d7,9b9a9e26-6622-4e3d-8820-44497471a151
d6253cdf-43a9-43c0-8af7-7f689b84425d,9b9a9e26-6622-4e3d-8820-44497471a151
fe901edb-741a-4348-b247-584b15e16773,767250a1-8dda-4c7c-b17c-8e0de6c731f2
5341e215-e632-4ae8-968e-90549627a985,767250a1-8dda-4c7c-b17c-8e0de6c731f2
9ce5714c-caee-4bfa-ae45-8ac236e8e597,767250a1-8dda-4c7c-b17c-8e0de6c731f2
90c9313f-4e33-4c89-8c01-33bd1f3a580a,906518ed-c00d-4c3e-b30a-aa33c5ed6d6c
5f8a5684-6fd7-4c1a-9d5d-07626338b4ea,906518ed-c00d-4c3e-b30a-aa33c5ed6d6c
4e06ace6-e9f1-4a4c-a4a6-1fcda5170448,906518ed-c00d-4c3e-b30a-aa33c5ed6d6c
a94c5404-263f-4d83-8b06-ac1b4fdb7099,906518ed-c00d-4c3e-b30a-aa33c5ed6d6c
67adb972-57dd-4c19-9c83-5b6bab63a053,906518ed-c00d-4c3e-b30a-aa33c5ed6d6c
a1259ab4-8105-45a4-85a2-17ff434fa6f7,906518ed-c00d-4c3e-b30a-aa33c5ed6d6c
e9db5d37-1998-476c-8188-2f7be6255326,906518ed-c00d-4c3e-b30a-aa33c5ed6d6c
09135bd9-2f82-4e59-a1a4-562ca8f1ec7a,906518ed-c00d-4c3e-b30a-aa33c5ed6d6c
4c9298a8-cc45-45ac-98e8-19954bb1815a,906518ed-c00d-4c3e-b30a-aa33c5ed6d6c
602f0ef6-75e3-4a2e-97a1-15589cb56bed,906518ed-c00d-4c3e-b30a-aa33c5ed6d6c
993c1835-cfe5-4280-915c-eb33f1a2a22e,906518ed-c00d-4c3e-b30a-aa33c5ed6d6c
c2c5ccb5-dd7a-4580-9ed8-f57bd2aab410,906518ed-c00d-4c3e-b30a-aa33c5ed6d6c
9299e7a6-1625-4bfc-afe5-35f6a7c314ef,1171194d-3997-4cd1-b859-9e8efaaaa534
6527f116-25c2-4bdc-b0ad-5197ba6a5a80,1171194d-3997-4cd1-b859-9e8efaaaa534
3fae53db-8339-4ca3-af29-c6cddff7036a,1171194d-3997-4cd1-b859-9e8efaaaa534
cf9af21f-972d-4782-ac9a-e71c951c893e,1171194d-3997-4cd1-b859-9e8efaaaa534
6a02666d-9eaa-47b2-bda4-b7278cb993df,1171194d-3997-4cd1-b859-9e8efaaaa534
1a4657b0-ebc7-421c-b0b2-3d87a46fb70a,1171194d-3997-4cd1-b859-9e8efaaaa534
e6b24ce7-15b8-4169-ad11-d838b30a0674,19385dcf-28ca-4b60-a9c9-f4832f3948ce
e67bf46a-a4bc-4885-ac8c-b4d10d88febf,e54d243b-5ed0-4eb5-b7c8-6e0d1bb290ae
8a8399a9-a76e-4957-b80b-7ba5e020a079,e54d243b-5ed0-4eb5-b7c8-6e0d1bb290ae
edb73eae-db96-4cf8-a000-6ed1fb10b30b,e54d243b-5ed0-4eb5-b7c8-6e0d1bb290ae
ac462d28-ac07-479d-9ef5-172af7907ac7,e54d243b-5ed0-4eb5-b7c8-6e0d1bb290ae
b6190144-daa8-42d6-869e-b86defffe8f0,e54d243b-5ed0-4eb5-b7c8-6e0d1bb290ae
59ce9ef6-4659-4984-8643-ea769e50c64b,e54d243b-5ed0-4eb5-b7c8-6e0d1bb290ae
bb515f83-a090-4baa-b9b6-ff5e93d04d18,e54d243b-5ed0-4eb5-b7c8-6e0d1bb290ae
b0902988-6d36-484c-80a1-3b61536fbcee,e54d243b-5ed0-4eb5-b7c8-6e0d1bb290ae
d30665a3-c977-4007-9b4f-27d0951fbf14,e54d243b-5ed0-4eb5-b7c8-6e0d1bb290ae
f8f3b79d-5524-417a-b64e-d4c0e4245ebe,e54d243b-5ed0-4eb5-b7c8-6e0d1bb290ae
907c7749-e2c9-4bba-ba22-98a998eef625,e54d243b-5ed0-4eb5-b7c8-6e0d1bb290ae
da7303a1-cbc0-426a-952b-a0c9c637866a,e54d243b-5ed0-4eb5-b7c8-6e0d1bb290ae
4ee18ed8-7674-4041-b465-ff47a655f61e,e54d243b-5ed0-4eb5-b7c8-6e0d1bb290ae
757d29d6-b921-4134-a9cb-012e3d510e53,e54d243b-5ed0-4eb5-b7c8-6e0d1bb290ae
b8de860f-63fd-4294-ab1a-35881329741f,e54d243b-5ed0-4eb5-b7c8-6e0d1bb290ae
dcac34fb-853c-420b-a0fa-ff3d156c00bd,e54d243b-5ed0-4eb5-b7c8-6e0d1bb290ae
36980d10-2ba0-4b2d-b82f-a35d34c7e1b9,#N/A
8037919f-fed3-43de-ae4a-11e6710a2e9b,#N/A
d317b6e2-953b-4a1c-8368-dbed0406a9a1,#N/A
d34fa165-c4ce-4150-b98c-2ed751c4f34d,#N/A
7c2bf7c4-1615-4ec9-b156-2e921da758c6,8869fbe7-8a02-45ba-a7b1-1222a0ed8403
380d62ba-b31b-4d2f-8a67-5436df4613ef,8869fbe7-8a02-45ba-a7b1-1222a0ed8403
be3c2225-6156-410b-a961-177ed7039471,82ea1d8e-cfa2-4a17-901f-c187abebc3cb
a4eabd79-29ef-4640-8651-a24180d10180,82ea1d8e-cfa2-4a17-901f-c187abebc3cb
033a0ce5-b500-4fa1-8c19-efcf1d49b46b,82ea1d8e-cfa2-4a17-901f-c187abebc3cb
b29c8b31-4f3e-421c-9195-e8e0935b9088,82ea1d8e-cfa2-4a17-901f-c187abebc3cb
6d76eb58-621a-49b9-8efb-c7cffa5b0807,82ea1d8e-cfa2-4a17-901f-c187abebc3cb
ebd8bc51-a3d4-465f-8b14-46d776332774,#N/A
1352cfd1-7af1-4d09-a8f4-4584fae21508,5c64fbf5-3b08-4188-9d6f-13b0dfe5368c
52056414-6cdf-4e95-8e19-397efadd4697,5c64fbf5-3b08-4188-9d6f-13b0dfe5368c
7edec3b2-a8db-4fa6-baeb-04cf45bf7d02,5c64fbf5-3b08-4188-9d6f-13b0dfe5368c
edf7dd41-978d-451f-81d2-80e151946648,74c8931f-8a8d-48a8-b9f8-2d4f2aec32a0
8debf4cb-5949-4234-8533-0091f8f93f3e,74c8931f-8a8d-48a8-b9f8-2d4f2aec32a0
ad55062d-258d-4ac7-a122-5bc5cfc853a2,74c8931f-8a8d-48a8-b9f8-2d4f2aec32a0
a390f204-aacb-4fc9-aeb5-7cda35254db2,74c8931f-8a8d-48a8-b9f8-2d4f2aec32a0
a96bddb7-c49a-4641-92d2-33cb0b3bd297,74c8931f-8a8d-48a8-b9f8-2d4f2aec32a0
27ac1bbf-b246-4a27-89d8-2e9d6a82e85d,74c8931f-8a8d-48a8-b9f8-2d4f2aec32a0
6289dda8-bdd1-4eca-97ec-7ec90bae9bc4,74c8931f-8a8d-48a8-b9f8-2d4f2aec32a0
f11da76f-d10a-424b-84e2-6c04e63dff4f,74c8931f-8a8d-48a8-b9f8-2d4f2aec32a0
b52e3015-0068-46fa-a7e8-cd41f0039cb0,24374212-3f85-4e77-bb93-3e8e563d5995
c82488da-8706-405d-a36b-eed9103b8cec,24374212-3f85-4e77-bb93-3e8e563d5995
b494c027-8b84-4077-a6bb-430d530936f3,24374212-3f85-4e77-bb93-3e8e563d5995
70502bf9-82f0-477d-8a0b-f5d2eb927202,24374212-3f85-4e77-bb93-3e8e563d5995
aff0c8b4-a1a1-4a64-b778-d33f4abbf0bb,24374212-3f85-4e77-bb93-3e8e563d5995
c69b5807-d993-41d8-ac42-3db86d64c03a,24374212-3f85-4e77-bb93-3e8e563d5995
80dcfbf3-5bc4-490f-b4af-07de6f565ecc,1807f856-d641-4939-b768-a64d8ed1641b
3b150fe0-e730-452a-ade4-789e5f267144,1807f856-d641-4939-b768-a64d8ed1641b
b53949c9-dc59-4ded-8b00-12f6516764a3,1807f856-d641-4939-b768-a64d8ed1641b
4fb22cbc-a037-4e40-9277-e5f9d748fd07,1807f856-d641-4939-b768-a64d8ed1641b
5d3eff02-6b65-472f-9a06-b077b22e2645,1807f856-d641-4939-b768-a64d8ed1641b
7cf8dd67-77b3-4535-ad4c-0d88c4834626,1807f856-d641-4939-b768-a64d8ed1641b
860d80ea-3906-40fa-a659-0183212b2bda,#N/A
7b1d59a6-afde-416c-a987-0153346591a8,#N/A
3692a973-5ae6-4a8c-a7c1-5b087179e9b6,#N/A
a47c7abf-a41a-4666-a89e-81dcda2795c4,#N/A
09e92aa0-f831-47f8-b362-1154fea65f4e,#N/A
5fbafa15-24b2-4b00-832a-aaa2a9c4ad9c,#N/A
e89ef28f-e77c-4b14-8454-8c7a91004891,#N/A
b168b4cf-3e59-45cf-9859-7c86c23109b6,#N/A
5fbf13cb-d49e-474b-8600-80af3745ab22,#N/A
796298ee-3a39-45c7-98c0-91b8f87e33e1,2052c5d9-af0a-443e-ac35-98eb0cf40f80
7fc8e514-4fb9-4bc5-b04d-8156e11629e0,2052c5d9-af0a-443e-ac35-98eb0cf40f80
89835f59-df48-417f-9c08-0a3fa2d2dec5,2052c5d9-af0a-443e-ac35-98eb0cf40f80
2bb9d905-119e-40ed-8690-6af0bc9f54d4,2052c5d9-af0a-443e-ac35-98eb0cf40f80
d5e05149-ee7b-45da-97b6-f1ffc7527f0f,2052c5d9-af0a-443e-ac35-98eb0cf40f80
2dad6151-0e6d-4290-9d34-2a45856e8d27,2052c5d9-af0a-443e-ac35-98eb0cf40f80
35132c57-4e9d-4897-8593-6843895fbc41,2052c5d9-af0a-443e-ac35-98eb0cf40f80
a06e4f1a-affb-41d6-83f8-6096d77dfd1c,2052c5d9-af0a-443e-ac35-98eb0cf40f80
edeb5d2e-6e20-4df4-97ec-125fcfe3b5ce,2052c5d9-af0a-443e-ac35-98eb0cf40f80
edb22ddf-b052-4409-bd26-c66e61ff6231,2052c5d9-af0a-443e-ac35-98eb0cf40f80
d1588e5a-d2a4-4a86-8882-85ee86dbb69b,2052c5d9-af0a-443e-ac35-98eb0cf40f80
acd77bcf-ff88-490e-acd9-108b80c4fc23,2052c5d9-af0a-443e-ac35-98eb0cf40f80
6593800a-50a2-451f-a507-0ae047974743,2052c5d9-af0a-443e-ac35-98eb0cf40f80
fe26486d-5f39-4ec9-9298-c985b7821674,506bf4ed-02de-4e86-8112-5da78ba7ec8c
03c36b5f-2c5a-4019-96d1-2282d9ebac01,506bf4ed-02de-4e86-8112-5da78ba7ec8c
5402a26a-90ae-4e51-b163-46d604da1158,#N/A
5ee14e35-216e-4394-8d67-71a5c28e37fd,#N/A
019cb40a-1251-4aa2-bb8a-32b683bede4e,#N/A
9eba1843-ce70-4c0e-a526-c18f52e14f5b,#N/A
e0f95278-268e-4bee-bc9b-db629d6f123e,1171bfd2-c797-4d95-a021-9fee7a111188
42b51e80-7d69-418a-b95b-30db1a237790,1171bfd2-c797-4d95-a021-9fee7a111188
146ac681-0d05-4010-9c0b-22e4374d1625,1171bfd2-c797-4d95-a021-9fee7a111188
5a7ce1a7-10f1-4d38-b9cc-fe1ffebff0a0,1171bfd2-c797-4d95-a021-9fee7a111188
49252bd8-562f-4567-a1c7-c5510519a08b,1171bfd2-c797-4d95-a021-9fee7a111188
08945bf5-87e4-4aed-a127-d9f9390eb7b7,1171bfd2-c797-4d95-a021-9fee7a111188
e3ee028c-4a05-460b-b902-72fdbea86eae,1171bfd2-c797-4d95-a021-9fee7a111188
8dc1144f-d0b2-416b-a10e-430c5926aa79,2005f337-e88f-4ee3-b899-f1496f636a10
3725127c-30fa-4ba9-892d-008b7e4315f1,2005f337-e88f-4ee3-b899-f1496f636a10
7f05298c-e0c8-43cc-afdb-4ffcc6fd508f,2005f337-e88f-4ee3-b899-f1496f636a10
93eb63cb-8a13-48f1-8729-67a8d6e24170,2005f337-e88f-4ee3-b899-f1496f636a10
bf8fdecc-ff5b-4008-88e6-f32a1f66b177,e8c49ab4-99b3-4b26-87aa-344468e50884
e2cd247b-9029-4cc5-a893-1c5f23cf8b5f,e8c49ab4-99b3-4b26-87aa-344468e50884
b9de907d-b65b-484e-ac8c-d79fc5404da1,e8c49ab4-99b3-4b26-87aa-344468e50884
91fde268-4192-4e97-9f64-d6008bc2e07c,e8c49ab4-99b3-4b26-87aa-344468e50884
05fb1d90-9686-4008-9d56-b6c625670de6,e8c49ab4-99b3-4b26-87aa-344468e50884
ad60710d-4099-408b-856c-2c6e44555ea0,e8c49ab4-99b3-4b26-87aa-344468e50884
642fffcf-ef8d-4472-83ae-f1deb0c58f93,e8c49ab4-99b3-4b26-87aa-344468e50884
77191aaf-09c7-4fb0-b49b-8008a164dd59,809a2a10-d0c8-4af6-9d90-fb76b9ef81d0
b8d7c10f-6d85-4675-85a1-7949f361c377,809a2a10-d0c8-4af6-9d90-fb76b9ef81d0
0546d6ec-9677-4505-8bba-464a0d595648,809a2a10-d0c8-4af6-9d90-fb76b9ef81d0
399580db-c685-47ac-98bf-0cf25516d752,809a2a10-d0c8-4af6-9d90-fb76b9ef81d0
7b9e50e2-dec2-4742-bbba-d0d234db4622,809a2a10-d0c8-4af6-9d90-fb76b9ef81d0
11cdea27-3695-4267-b433-0815f3bae80f,809a2a10-d0c8-4af6-9d90-fb76b9ef81d0
8abec1f9-2936-4d01-8ac9-67fad4d1d50d,809a2a10-d0c8-4af6-9d90-fb76b9ef81d0
8e44cc05-38f2-47e3-8632-d4f2c084013e,636d620f-6736-480d-b5b8-3fca387dd4e2
b8ad90d0-db60-4e12-89c3-aa8d5b4debb2,636d620f-6736-480d-b5b8-3fca387dd4e2
d8b254e6-46ef-4da2-86ce-3f6de28ace20,636d620f-6736-480d-b5b8-3fca387dd4e2
9a6d74d5-15dc-45c2-90e6-c5ef6c6da638,ad1404e4-6285-4291-a433-6f686c2fea26
5267e304-7716-473b-8eba-028ea08a1f8d,#N/A
2444d8ae-a36a-4c7c-a5ad-56e26248fed8,#N/A
977d6ba3-53f0-4ef5-b1bf-7ab614f80155,#N/A
278da915-76c1-4f9e-8a82-18ef02e64fea,10fdca28-0ac2-486a-ac61-bdf0eee59baf
1462fb20-8afe-45f2-a247-54f4eacb9240,48e07428-aff9-4cf1-ad51-29490b85d907
2aa6e39a-7bc2-4df1-9cd8-0dbc267fa4ce,48e07428-aff9-4cf1-ad51-29490b85d907
6cdefad5-5885-40f4-a020-fd0765070956,48e07428-aff9-4cf1-ad51-29490b85d907
217eb11e-8bec-4d96-8c25-17ae53200b5d,48e07428-aff9-4cf1-ad51-29490b85d907
8cab09e6-716f-42f3-9d21-deae94eee02f,48e07428-aff9-4cf1-ad51-29490b85d907
3ff7cae3-e267-4bf8-a29f-8aea6dd35b33,48e07428-aff9-4cf1-ad51-29490b85d907
400cb9f7-114b-4d5f-8546-a79592dc51a1,48e07428-aff9-4cf1-ad51-29490b85d907
16e06b4c-db08-485e-ab8a-abd26675d746,4bee9459-4d49-4453-a70d-1e58446856ea
f33e920a-2506-438a-8a5f-d263bfa26cdc,4bee9459-4d49-4453-a70d-1e58446856ea
f3fb4157-cd14-4527-befa-7b31a26c1fde,d3edcb30-9f02-49b2-96f0-7864e3e41282
b5a28bf2-6c8d-4a76-90c2-95d9536734e6,d3edcb30-9f02-49b2-96f0-7864e3e41282
0b54dfcc-73de-49a5-afc2-1cd878564e14,d3edcb30-9f02-49b2-96f0-7864e3e41282
6589060b-0452-4eb9-bd3c-15673377c5cf,#N/A
85562970-7550-4ca9-9f64-220d241f29e7,#N/A
b3f85efe-1dd7-4396-8613-0add9368b55f,61e6b604-8021-4f23-96fe-39002f901c55
62ceb554-5413-4d2e-b7d3-4776eb3db902,61e6b604-8021-4f23-96fe-39002f901c55
1738519a-0bab-46b2-8514-a75e8917b421,#N/A
3725d0df-60ac-4cc1-a4f2-5fe0103ce44a,589f495d-4efb-4039-8045-1ec41831161e
2746e77e-9d1b-4874-a3aa-91a7db92f7d2,589f495d-4efb-4039-8045-1ec41831161e
c675a381-6bc3-4466-9834-395a417d53fb,589f495d-4efb-4039-8045-1ec41831161e
46782244-d1e7-4044-a68c-0f50edacbb62,589f495d-4efb-4039-8045-1ec41831161e
ab8a060e-13de-4b29-8aba-f4bc56661922,bfe11056-33a1-494c-b4c8-56752da34798
2259eb45-2889-44a7-b9ee-2e5ff3de7ead,bfe11056-33a1-494c-b4c8-56752da34798
39a9fe75-3464-4e6e-b10d-d0e32ca21b13,#N/A
a68b624c-83d4-4d4b-8d4e-3a5f2c0b633f,#N/A
04659157-5c70-4883-8d95-0560e39386e7,be03bd61-dbe5-46ed-8423-4a2b7606bcb9
7e5afc45-9c2e-4d34-9d89-34efc2053d97,dad0f455-74c5-4db9-a33a-2bb51e4b5641
5d7d0772-1a0f-4cc0-8b8f-b51adef495ce,dad0f455-74c5-4db9-a33a-2bb51e4b5641
bd9c5dde-cd39-492b-9d6f-94b5b378bd31,4d402af3-b527-45fb-bb86-b8626430b7b8
c86797a9-e583-4f31-ba5e-22a291c36e19,4d402af3-b527-45fb-bb86-b8626430b7b8
3847b180-c04a-49ff-bd65-d9d44773c62d,#N/A
5c0a33f3-c8d9-4d72-9171-088541eea77f,c314f622-8e4b-406d-af4d-9b5bd2bb5668
5bd19103-56de-410b-a548-a78853b8f027,c314f622-8e4b-406d-af4d-9b5bd2bb5668
5f9767a2-9ee4-4ccd-ac0f-d1e44cb37fee,f0939a64-c8f0-4cc2-9e69-4613c769551a
ad5f5282-7201-42e8-955e-4903dbbc9784,f0939a64-c8f0-4cc2-9e69-4613c769551a
a580d292-dd00-4802-872a-82cceb506018,f0939a64-c8f0-4cc2-9e69-4613c769551a
51854a6a-174e-4b4f-91bb-21aeb0e211ec,f0939a64-c8f0-4cc2-9e69-4613c769551a
a9be7425-be05-4600-8822-460b5bac4d28,554fcd41-a1b7-4235-9d42-75390e951955
2afdf2af-3b7c-4000-943c-efd2a9ff3991,d322deb0-356e-49c5-b8ca-621691a0590a
7f153b70-9550-4590-9c9e-6633bde76ffb,c2744a16-c599-473e-a07e-a629df306ce2
6189ddc4-0fc9-4fed-801b-debe4ceb9be6,c2744a16-c599-473e-a07e-a629df306ce2
b3104f5e-cb27-4907-808e-ab75e78a0ef2,a50a275a-302c-44f8-9585-a53833b23e7d
c6c2f27c-1aa6-4464-a738-d912c5da8b9d,a50a275a-302c-44f8-9585-a53833b23e7d
be427a09-5d37-47ff-8c97-8caae6dca72c,a50a275a-302c-44f8-9585-a53833b23e7d
5b6f4408-f935-4dca-a941-02ca12b35ca2,#N/A
568995fe-ee9d-4575-b4e9-900d44e97412,cbb22f79-4996-481f-ab19-425767c88a4f
e75a00c5-edc3-4890-9ffc-b8f68daad99c,#N/A
d83a5369-8a28-4b3a-a52e-b08bd8701ca2,#N/A
1cf33aa3-20c8-4f49-b2c3-41d02512e12a,c721d05c-2b1c-455d-814c-ae504cd3ca8d
f2aa2a2d-239d-448d-b2cd-832cf1dae21b,c721d05c-2b1c-455d-814c-ae504cd3ca8d
cc6abc22-1e60-4a32-b47d-bf6075c62888,c721d05c-2b1c-455d-814c-ae504cd3ca8d
ade2da5c-2d7f-4ed7-8dfa-5e44b1bbdadf,c721d05c-2b1c-455d-814c-ae504cd3ca8d
dead3d02-6137-4a0a-8e27-a06b5c48ddf2,c721d05c-2b1c-455d-814c-ae504cd3ca8d
f3d9b102-df5d-4a53-966b-3f1831ab6f98,c721d05c-2b1c-455d-814c-ae504cd3ca8d
7fb5e345-2f34-40fd-a6cd-a08528ecb0de,c721d05c-2b1c-455d-814c-ae504cd3ca8d
0c10a735-9b8b-46a7-9641-53660eed88b9,c721d05c-2b1c-455d-814c-ae504cd3ca8d
393e6477-1e04-4890-92d4-d4658eb352b0,aca29423-e8c5-4cb6-aec4-82e161a71f94
68693065-a8e4-46e6-a792-10bdc81b60e6,#N/A
4b716791-7bbc-474a-a253-d8b6cba33a09,#N/A
fb89c133-42e6-4826-9836-73770e418ffc,9a36f89e-2430-46fc-8929-4a8401691286
aead4305-85e9-4baa-8fc1-b4788f5a1c46,9a36f89e-2430-46fc-8929-4a8401691286
c0989ce9-8700-4d4c-90a4-a38a6bd04506,9a36f89e-2430-46fc-8929-4a8401691286
d60f4b0b-c86d-4a56-9cfe-1dbab722a5e9,#N/A
23cef651-00ab-45f6-9132-f2e896b964a1,c72c9887-92f5-46c6-8d69-6210493213eb
fcbce81c-6249-4a48-b03d-dd044c08bb9c,c72c9887-92f5-46c6-8d69-6210493213eb
a4d665c5-5224-466d-b1b6-8ddf77dc0d6d,c72c9887-92f5-46c6-8d69-6210493213eb
0c4cad56-54b0-41f0-887e-085023c43b78,0f316d11-27f5-4dd9-b94c-94f1d36a58bc
f84a86a1-5a6a-44c4-bb20-18cef2c3c8f1,0f316d11-27f5-4dd9-b94c-94f1d36a58bc
dbb64181-fbfc-4077-8cdd-e3dee1aafbaa,0f316d11-27f5-4dd9-b94c-94f1d36a58bc
4f97c5cc-c918-4161-b6ba-5c3cf8cb6df4,0f316d11-27f5-4dd9-b94c-94f1d36a58bc
af7c24c0-f54c-4c82-8af2-0bf187014d6b,0f316d11-27f5-4dd9-b94c-94f1d36a58bc
05d7374e-5cf0-4668-b0b2-fbeb5e331782,0f316d11-27f5-4dd9-b94c-94f1d36a58bc
36e790d1-1b0e-4a57-b050-0bc32497eaa9,28cc5a9d-e522-4c02-87d1-2213f80d5655
f48f7528-c48c-4ba9-8711-b1795bfecc83,28cc5a9d-e522-4c02-87d1-2213f80d5655
715c35a1-2f7a-41f9-b189-16d7c1d621b4,#N/A
77aa6183-28be-4c5d-a3e9-b5a2ae403f02,#N/A
bfbc54b0-00b1-4a57-96c4-792d8f69de59,a0d09ab6-6229-4ac9-a822-23b19d194c0f
40bd8eae-63d0-4db2-8832-1e1a22784ad4,77c9d15f-98c7-45b4-89a8-6f21ab07157d
8dc1a1b8-074a-4fe0-9fc9-cf7acf2b83d4,77c9d15f-98c7-45b4-89a8-6f21ab07157d
cbb77e58-702d-43fa-beb7-5b5d733ba9fa,77c9d15f-98c7-45b4-89a8-6f21ab07157d
a99f89e5-82c5-4bbe-9056-9974691007b8,77c9d15f-98c7-45b4-89a8-6f21ab07157d
c873b75a-a49e-4ea2-994d-e4cadc7bce5d,77c9d15f-98c7-45b4-89a8-6f21ab07157d
f8e425f1-b1f6-4b61-bd09-315e0c5da551,77c9d15f-98c7-45b4-89a8-6f21ab07157d
67fa5fd5-2745-4855-9bcf-f644608edd02,0d13e9d4-e38b-4651-9680-1d3b7951edb1
ffb1c1ec-0cc2-4c9f-b6f3-0ea6b5c68b24,0d13e9d4-e38b-4651-9680-1d3b7951edb1
f564a214-606c-45b4-899c-1b0fbccea681,0d13e9d4-e38b-4651-9680-1d3b7951edb1
5a3fb52e-fe50-427f-9389-be91e9b89cc0,0d13e9d4-e38b-4651-9680-1d3b7951edb1
2862e905-6c4f-446c-a11a-c87aada3878a,0d13e9d4-e38b-4651-9680-1d3b7951edb1
3368f275-d097-4889-944d-b11cc7a4314c,0d13e9d4-e38b-4651-9680-1d3b7951edb1
32aa3638-d40d-4a6a-b328-f01699619465,0d13e9d4-e38b-4651-9680-1d3b7951edb1
428e766d-0f4b-4be0-9f30-b9cd10a21f0c,0d13e9d4-e38b-4651-9680-1d3b7951edb1
c924a01e-17b1-4913-9114-dea97fa7382e,0d13e9d4-e38b-4651-9680-1d3b7951edb1
68f619f2-0376-4741-85e8-62b5f3360a72,d2dea901-f7ab-419e-945f-9a7544678efe
ce5a7fc2-8175-4115-9bc4-da51f381d1af,d2dea901-f7ab-419e-945f-9a7544678efe
1d9b8228-387b-4f9f-bc4f-3ef81f7efb13,d2dea901-f7ab-419e-945f-9a7544678efe
b60e33bb-0437-4eb3-b78d-c6dc31bbd33d,e549cc61-81f3-4fa9-b528-61e73d7794b9
88aca8a1-f4a9-4dac-9a3e-86fa40683688,8a7d21e4-45c5-4183-a0f3-a7457116a2d1
4eb833a3-1dbb-44d1-9e09-2c960f6d5f39,8a7d21e4-45c5-4183-a0f3-a7457116a2d1
dbfbd8b3-b6aa-45c9-a809-707e0ec79810,8a7d21e4-45c5-4183-a0f3-a7457116a2d1
0a1e43f1-da4d-4501-9c7b-f590b5688de7,1c4fb4f9-510f-4134-909d-6cbc174cfab1
94f5c9ca-1c91-4047-953c-881036112e19,#N/A
631ac479-abf7-4e42-8e46-f4bb3cda7eae,af2248ae-b73a-4dcc-9bd1-9f412d2111df
4b285f6a-bb17-426f-a0e3-2de1fa19b1d5,af2248ae-b73a-4dcc-9bd1-9f412d2111df
4beadaa6-5b43-4790-b00d-ebcbd9c8c9cb,cfaddafb-c036-455d-900e-b70c061822ec
9b7a0e53-c758-4e3f-b9bd-de907917f5c7,e7ae595e-131b-4e98-ab01-ba3437a56cfd
fa7c04da-c754-475a-8c28-f48bb4d215c7,e7ae595e-131b-4e98-ab01-ba3437a56cfd
9479b5f1-087a-4a7e-a2bd-dc1d2809905a,e7ae595e-131b-4e98-ab01-ba3437a56cfd
f0cf6684-5d28-4d62-9656-73a8bb98e1a6,#N/A
58f36e2e-5aea-4246-b0d5-f4a6e3297a1e,#N/A
a8a3247b-1f80-4c10-a24b-b5871426857b,1f96d908-7362-44de-bdf2-c6723f1925ea
70a50ccd-c9b2-4fd3-bbe2-a0057d77b8f5,1f96d908-7362-44de-bdf2-c6723f1925ea
edf4acc8-4372-4d1c-9757-eab321e8a106,1f96d908-7362-44de-bdf2-c6723f1925ea
de4daaae-bcc2-4308-891f-66a2d12af1b1,1f96d908-7362-44de-bdf2-c6723f1925ea
c88f5d29-028a-447d-86cd-036a01be6f64,3decc38c-a5c9-4e4e-bc09-5a37cc259ee4
27eabe01-3095-4fac-a568-af9e885fc630,3decc38c-a5c9-4e4e-bc09-5a37cc259ee4
c295357c-5402-4953-9bbe-7ecd896e3946,c09386a3-5715-4bc8-9850-7344e2d6be0b
3b0c6739-07fe-4635-93b5-4c87a999b2fb,c09386a3-5715-4bc8-9850-7344e2d6be0b
5fe15eee-a49c-4a7b-b426-4e627046cb4f,c09386a3-5715-4bc8-9850-7344e2d6be0b
0056ad76-c2b2-4f3e-9cae-97a1bb0ddc3a,a590aa6e-215e-473d-80af-f0f048ac109b
852822c0-7175-49d5-8a16-bf2f30971c74,a590aa6e-215e-473d-80af-f0f048ac109b
1714cddb-d543-4d1d-9561-9c698c56f779,a590aa6e-215e-473d-80af-f0f048ac109b
45e5eb91-69b6-4fac-b6d9-ae2cec788b52,a590aa6e-215e-473d-80af-f0f048ac109b
6d8c3fe8-6fcb-423e-9ecc-4361c5deaf84,a590aa6e-215e-473d-80af-f0f048ac109b
53b9eeb9-8eb1-44ba-9775-ac4eb18dac9b,a590aa6e-215e-473d-80af-f0f048ac109b
53a26b62-7e63-47d9-9ac5-3054901b504b,a590aa6e-215e-473d-80af-f0f048ac109b
ab6a66bb-5883-4ddb-8c04-3853e2cf9c5d,a590aa6e-215e-473d-80af-f0f048ac109b
104e01fb-fb84-43d2-9232-fd1223123417,8ab6a9ba-4ba2-4695-ba20-4064a839c0d7
2df3eb44-0ad5-419e-9f42-fcb518deda03,143e9107-f2b6-4c8a-b51c-4b47647d4ef4
2ebe722c-5db4-4528-97d3-884546790177,143e9107-f2b6-4c8a-b51c-4b47647d4ef4
7b9b8ecc-80ce-42b3-a4c1-d37483a94819,143e9107-f2b6-4c8a-b51c-4b47647d4ef4
27fd2da7-bcd0-4d57-bcec-44b018d8334a,57de72bd-1c1f-45f2-a00e-8d8767423bdf
6236f268-1944-4a74-9d3b-cb5beae0a1e7,57de72bd-1c1f-45f2-a00e-8d8767423bdf
349f9ce3-e2a2-4f8c-b32b-7b2efdd18d7c,57de72bd-1c1f-45f2-a00e-8d8767423bdf
697a8aa1-29fc-4a70-b4b8-ecda6865636b,57de72bd-1c1f-45f2-a00e-8d8767423bdf
c66cbae9-303b-429d-b01d-af261d0a41f8,1c4fb4f9-510f-4134-909d-6cbc174cfab1
e5355396-85cd-4683-82f8-c7ba9cb8849e,8cc4409c-3fcb-494e-a270-57cf95d6673f
0afc4363-b1dd-4799-89f0-a9ac0cfb798c,db9c7390-3ba5-4476-9315-14c693b48c99
2c8be1ca-a216-43b5-ba5a-996bc17bd646,db9c7390-3ba5-4476-9315-14c693b48c99
2931817e-aaa2-42a7-bbcd-af700dfdeffd,db9c7390-3ba5-4476-9315-14c693b48c99
2b2a0572-7747-413f-83b4-c12f7e41e81c,db9c7390-3ba5-4476-9315-14c693b48c99
f24b1c4f-4656-4b14-9823-04ca3f4d63bc,db9c7390-3ba5-4476-9315-14c693b48c99
d5094259-db2b-4d84-99c6-091af2c80344,45e9b82d-1955-44d7-b0b2-f8e081e7d5c8
66abfa4e-4abe-4d75-bd13-9c32baa1d3c3,8ca982a7-9def-41e7-92b9-c81a650032ed
6d30fb36-1a84-4052-86d3-d326238fc241,8ca982a7-9def-41e7-92b9-c81a650032ed
1b22a2b9-bb1c-4336-83f0-4a2b8cc94962,8ca982a7-9def-41e7-92b9-c81a650032ed
1f7d3485-4a9f-4640-8789-99288511e6f9,8ca982a7-9def-41e7-92b9-c81a650032ed
db05a1ad-8adc-400a-aa0b-29d9a5548e28,8ca982a7-9def-41e7-92b9-c81a650032ed
501b30ae-b0af-43c0-8359-aff37c6274ce,aca29423-e8c5-4cb6-aec4-82e161a71f94
8056f3bc-e20a-4abb-99c0-894c366fc1c4,e9c5d397-5fcf-442c-b27b-cf9d9791ccf1
c2bf7edd-e100-44f0-bd12-f1eec5c27a1b,a94952c5-d69c-45af-b8b3-c45d15e155d5
7ecb6c10-f6cf-4532-bc50-28c4baa4adc3,a94952c5-d69c-45af-b8b3-c45d15e155d5
03e5b4db-e065-401e-8bd4-5eab2aa99a45,a94952c5-d69c-45af-b8b3-c45d15e155d5
f8798fe3-a1c5-41d5-b876-ed83f6b7c63e,a94952c5-d69c-45af-b8b3-c45d15e155d5
a67bcde0-0031-443f-aa0b-e2516054f005,a94952c5-d69c-45af-b8b3-c45d15e155d5
27fd16b3-d7c6-47a1-89db-643a16514b21,8b1b407d-e95a-48c7-84fc-19a5da7878fb
b7a588f8-99f0-472a-873d-c2d2c57700de,8b1b407d-e95a-48c7-84fc-19a5da7878fb
f73b3806-b4f3-40a8-a656-1557abcb558c,8b1b407d-e95a-48c7-84fc-19a5da7878fb
a7acf0cc-e9f1-4d1b-a277-8db5843983b2,8b1b407d-e95a-48c7-84fc-19a5da7878fb
5b47ae80-ddb0-4db0-a277-1abdd060f266,820b2bb6-9f45-4ef5-b53d-8edd6bc1c99c
0a4846f0-6212-4aa0-ac49-cc0d00417b69,820b2bb6-9f45-4ef5-b53d-8edd6bc1c99c
c823c8bd-0993-4283-bc75-5205f08234ae,820b2bb6-9f45-4ef5-b53d-8edd6bc1c99c
96dd936b-c1b3-472c-8fb7-144b9c3c9bc5,820b2bb6-9f45-4ef5-b53d-8edd6bc1c99c
3e23231d-4b6b-487e-a41f-f0a93cd88587,c0874f9a-4f2b-4d1e-b6fa-520319602352
5ba79d72-28d0-490d-8630-cb557c4aca53,8aa2b88a-1beb-456f-b946-397120756a6e
95cf3649-b1e8-4a5a-9445-dd9d29e8969f,8aa2b88a-1beb-456f-b946-397120756a6e
929dbac9-318d-47cf-93f3-17b6b1ef6dc6,8aa2b88a-1beb-456f-b946-397120756a6e
ba06dd43-e927-4fcf-9027-07cd23a68612,8aa2b88a-1beb-456f-b946-397120756a6e
8190b32e-a000-4cc1-aac1-be0eba314df4,2b90bed6-db37-4ed4-b879-a4096e9dbc1d
e60159ae-ec77-4d5e-a023-63765928b48b,#N/A
6c878935-ddc1-458c-9d5d-2616f8aa7a6e,#N/A
3f1eb7c9-33b9-452b-83c7-31457f5919f4,#N/A
98d81f22-b8fb-4d56-9806-21771218c9cc,#N/A
8324fbbe-231e-4e1f-8f0d-653eecba58fa,#N/A
0dfeb10a-b429-4dfd-b122-df5f48ffe1b8,#N/A
7a5570ee-d47c-4eee-84e4-b8c1d339450e,#N/A
b1a98ee6-c359-43ea-bb5e-63ee5caa46ad,#N/A
b04ab35f-7d6d-4e55-91ba-b2c5d81ea377,#N/A
37959638-8869-43bf-b675-c965eb6f998a,#N/A
78fd3403-14c9-4478-9302-369da0199542,#N/A
8436e261-6d67-4968-bd8a-c792dae97fc5,#N/A
da042af2-2b14-48ff-8626-a90e0fb0e8a9,#N/A
6e1f1f67-709b-4d83-bebd-ce707beca59f,#N/A
b6e6ed86-c6cd-417c-975c-db59a4960350,#N/A
f27f7518-1dc6-49e0-abf9-2ef190f3dcb3,#N/A
aa60505e-ff20-4f53-a37a-3315a3e23569,#N/A
dc4df3c8-117b-4941-9a02-fcc87ee9c6c1,#N/A
29f1b444-4153-4a76-a877-c4255f9bef09,#N/A
33be15cc-314e-4403-9f63-61a5bca67e38,#N/A
c1ea2c43-c604-44ad-9af8-b43a108aab0d,#N/A
f9b62cb9-b508-40d8-82cf-12789bcb1aa2,#N/A